,mse,ssim,psnr
0,9853584.25,0.6896462440490723,21.502777099609375
