,mse,ssim,psnr
0,30274834.5,0.017583223059773445,16.575590133666992
