,mse,ssim,psnr
0,82084245.0,0.037057310342788696,12.165536880493164
